{"cameraMode":{"drawMode":0,"name":"Shaded","section":"Shading Mode"},"sceneLighting":false,"audioPlay":false,"sceneViewState":{"m_AlwaysRefresh":false,"showFog":true,"showSkybox":false,"showFlares":true,"showImageEffects":true,"showParticleSystems":true,"showVisualEffectGraphs":true,"m_FxEnabled":true},"in2DMode":false,"pivot":{"x":3.040935516357422,"y":1.1934020519256592,"z":3.459054946899414},"rotation":{"x":0.02068888023495674,"y":-0.0024022019933909179,"z":-0.00004976194759365171,"w":-0.9997845888137817},"size":1.212537169456482,"orthographic":false}